current_salary,target_salary,experience_years,skill_score,education_level,goal_timeframe_months,feasible
19352.46582352076,41100.92112353083,5.234113674718119,0.672702994208898,1,22,1
47585.001014085894,110670.68473877983,4.939575981439996,0.7966813971913723,0,33,1
36867.70314875885,175224.4379958996,18.125091610420732,0.250467898792499,3,46,0
30334.265725654794,147783.85284986443,4.990923996990122,0.6248740996069989,0,7,0
8644.91338167939,162279.4238329827,5.43899452257262,0.5717459831437487,2,30,0
8643.73149647393,133462.7565085899,15.187965248359275,0.8328303767882711,2,55,0
3846.0969962417735,139993.93008098123,8.9947968490108,0.9060870604812605,3,46,0
43442.631142971826,170593.15205523727,15.534211139103624,0.012156771477386807,0,11,0
30454.635575417233,53685.261727541256,1.3073231512877048,0.6740199190587927,3,16,0
35695.55631200623,100437.86791041239,9.751423873467687,0.05183579911972902,0,43,0
2008.64022049432,48135.84115482243,0.6722720036656527,0.5488586650773559,1,11,0
48525.58275593772,197595.26155934617,1.2530640691070905,0.2876327290436782,2,50,0
41789.68939922067,189091.5712388896,18.12874906688822,0.3067765995221412,3,16,0
11404.616423235531,12688.22821685865,2.7849074223519033,0.3529585034523566,1,19,0
9909.42339314793,142587.15864055924,10.648413645504341,0.6212924490496101,1,7,0
9986.820982818257,185423.42189605485,8.221912052014131,0.3340499656687692,3,45,0
15907.869905017349,40212.192299830036,6.946866525176853,0.7326990505902804,3,8,0
26713.065149979655,115749.31995776275,17.99666691374545,0.4045273855738697,1,58,0
22165.30591346367,183520.21802966815,0.43646793550979,0.06835320030995862,0,40,0
15270.227869704053,11619.465824230774,13.275793723511782,0.7837598424841072,1,38,1
30980.791841396593,140996.9521131338,19.267888684271007,0.285758324592706,3,29,0
7835.19917195005,62983.0564376474,11.20336366923684,0.43276687959926263,1,24,0
15315.08777822569,185257.25809842342,18.736449240661837,0.6854438832219015,0,23,0
18951.730321390893,194356.3578072467,1.0451575857204753,0.332456157148712,2,54,0
23347.429226634762,189131.9653771196,8.375866381483227,0.056585656146715624,2,57,0
39473.62210825767,97471.77224820544,5.203155819241023,0.3739210470128136,1,29,0
10784.015325759627,173098.3169429161,14.616419299614595,0.9444485826943034,0,50,0
26197.48748226697,169687.13271433872,19.625941809944933,0.6417343972985582,2,40,0
30028.31387424008,67224.59228243484,5.130601248884956,0.6714791486672069,1,6,0
3276.0702232798885,166638.51745938207,13.083492029481489,0.6322821536376398,1,41,0
30769.69774317048,12216.48876952106,3.9619526551948026,0.1989921389594368,0,30,0
9355.682060677285,121272.62630400034,11.306605091432198,0.41833386410228013,3,50,0
4187.528056278696,49851.72327110209,9.278649733766724,0.7509397983633183,1,54,0
47495.39132541333,28510.54272656937,19.44010659263074,0.10137289755315915,3,48,0
48315.969620653406,20005.874317695787,12.170545453929332,0.27785277608971226,3,39,0
40611.470057706596,140776.31129623725,6.990127441736376,0.2763191084658536,2,30,0
15926.074689495164,71275.61793477289,2.2819156977586674,0.432018927594506,3,21,0
5785.93358631281,146329.5204481085,3.024936574698691,0.9803687409421851,0,39,0
34527.41829909569,17744.48645579376,4.506338599024701,0.06750254668382194,2,34,0
22567.472193240465,66481.61587696901,5.01933322680596,0.518700994380595,2,24,1
6979.8735073941625,110200.80201319075,17.012321156822757,0.17936468201221045,2,28,0
25263.66859545224,159191.01714359788,11.224455765650498,0.9706765454097441,1,24,0
2685.0375346457013,67156.73807175364,10.467818227487328,0.1133035047274642,1,30,0
45556.69970186032,127048.81840521678,2.2953774373843494,0.40360100236159124,3,21,0
13680.219098400828,177765.6609060565,17.2027938669887,0.7378849848346062,2,59,0
33463.59193334512,125093.32169554938,14.456286064169674,0.7045544280274453,2,56,0
16273.842728381136,50427.097576958586,1.3533672380000317,0.42272863689393225,0,14,0
26483.33303771273,9758.152403524913,14.156701944595373,0.34652416795271823,3,6,0
27788.803687820702,174669.28041068133,10.870764346852921,0.39761237855287057,0,47,0
10057.868320750826,9147.535115825493,1.634506914935565,0.2642762631586393,3,24,0
48509.64676046337,175566.82617341887,9.166012830573129,0.2053329387067998,3,38,0
38981.508344694616,108142.74113530634,9.693925742600939,0.48303969755889,1,39,0
47035.44813664527,188118.20121001475,3.315490803265515,0.2685337560676073,1,21,0
44846.540170954795,160762.73097586475,18.913962940005646,0.2874616648972501,0,49,0
30297.098961743173,199597.1515540008,16.99950742961324,0.6567560634745571,3,45,0
46171.83751613273,73388.80401308349,13.380446746582166,0.9685373316998922,2,23,1
5336.132600544055,154601.71634156976,9.245911220012143,0.6036372005593751,1,39,0
10603.160258538115,83376.52815380222,8.235310831690171,0.07697946706496628,2,30,0
3216.1371566163652,98575.74595926222,13.019469343019082,0.07558361385406698,0,50,0
16941.18620739995,127363.56532758217,10.908637388138109,0.951423220845566,1,11,0
20045.18719478462,175367.03726633606,1.2454621176377123,0.29729079030733363,1,26,0
14296.1025569209,196896.27649386256,10.250052975406634,0.09206698608247543,3,11,0
41608.137948444535,154813.31570358106,16.12807234465679,0.5990445871503816,0,37,0
18480.913007985873,86464.52252263008,9.18479755193916,0.6236487782902661,3,46,0
14765.790974681657,87164.61544402869,1.0391315510853683,0.6485048201186882,1,53,0
27592.108074754175,148828.54880983385,15.725563987680662,0.2674020278575413,0,48,0
7905.28702376337,51561.543424818956,4.027275642719488,0.015110684214475034,1,44,0
40307.65205694795,26542.45206062196,5.1724166977607755,0.9650153694544719,0,36,1
4652.9815403087705,74151.32073995142,3.294127068645918,0.2508930456911025,1,47,0
49357.459893425344,61011.603372545935,6.60430129742995,0.6760262880525475,2,15,1
38839.99369553621,62780.08348891807,15.1350301137727,0.7066298698787096,2,35,1
10737.068395174449,50553.51145473244,10.387717190078746,0.6100074170794857,3,57,0
1270.5837390565175,13208.171979090566,4.097625483014252,0.3129073942136482,2,23,0
40957.609994286875,8485.417273015693,17.556601563040818,0.27109625376406576,1,29,0
35636.00984853324,197605.86599852616,17.591637099030585,0.5976682827027031,1,57,0
36721.351234008376,88415.76107849316,17.41156850092014,0.8660956336116915,2,14,1
38792.24698761134,79943.69619613793,4.775924227630785,0.9467337289233956,3,36,1
4628.187934970428,137531.22012514863,9.024786883619761,0.10590580440375763,2,20,0
18564.82069866936,47559.508133687516,19.699793122817503,0.15482861259771985,0,9,0
6677.583916731356,190242.43087029393,15.440249526199807,0.9447362587830797,0,45,0
43292.06786790408,158337.27781103266,0.5433484245111964,0.7365352283347926,0,14,0
31541.60821455034,22435.145450890606,1.304091825209841,0.8829938248297731,2,50,0
17214.00321777981,86428.25127806103,9.278627536246656,0.20263263413534316,2,14,0
4114.359164015158,176428.0699746221,18.184404117231203,0.5875858711094019,2,31,0
16238.133764067448,189222.744346825,10.774035959054284,0.7011395944174736,0,9,0
16933.982779310605,96143.2946937246,9.956250160685805,0.6801118854469727,3,22,0
36750.70273856514,124615.22089608801,2.1094739991326117,0.4081516908666981,1,21,0
32240.316096405444,37571.61948795467,13.135602094485881,0.015394891691308477,2,20,0
44473.42438624,198277.8820967104,16.44206321200451,0.5829260568042631,3,40,0
24138.531332935516,50175.98176977146,7.608400150151247,0.25310153917960876,1,57,0
6860.118050976784,188832.6959563495,15.51223701850655,0.45025424614289034,1,10,0
35948.99457392676,131681.09655351186,19.289533078016234,0.9575810150838173,1,10,0
38278.46738222797,123508.67500137753,4.075329182553782,0.3990353176424347,3,25,0
28502.582680905314,104974.25964821917,10.466592623894826,0.8398016066644267,3,20,0
38777.39181777349,49980.61328496294,5.742759161691511,0.18854060574925113,0,23,0
25195.984221855146,39422.96624107411,15.857088380676787,0.6724604980250288,3,52,1
26613.90863971771,47994.8107686842,11.55186731762315,0.9770069544389435,3,7,0
21949.509899568933,41355.46111812963,12.691648351006075,0.10189310087293679,3,34,0
2245.537210460664,157018.9723455169,15.958283192317882,0.008319942227192012,1,18,0
6286.679922671918,73274.42553751238,7.919409453249098,0.43358279263261434,2,9,0
2540.0300986499783,16279.321929862292,18.301801368140865,0.0926254830513672,0,47,0
32184.11015192524,193975.0128774582,10.6605773449228,0.7483843496762314,2,50,0
16403.443072740007,177338.247567868,3.15909645670696,0.9145486638485589,2,15,0
25919.963867070437,185911.69522306652,13.91798236337605,0.43402097270875883,3,36,0
45470.75722237856,199007.02541605488,15.865227008765089,0.25871164215544096,0,46,0
13215.319228294873,38909.57359780002,6.335233541350533,0.4344033190066098,2,13,0
21108.76322874586,82267.19368601845,17.14358513997506,0.723447817850001,2,8,0
38022.005788609385,152856.5027622978,18.122865095315326,0.009054161580370979,0,53,0
12211.1101090895,140724.0205204895,5.538089747556178,0.5894539894846972,3,51,0
4772.015581610856,35009.70173627174,19.67042945430444,0.6132916848873791,2,14,0
15197.821192774632,164087.45937317045,2.8142305609751683,0.6376882468959355,1,35,0
8899.843075446217,48765.91150814883,4.0403133680498,0.2420220799808772,2,58,0
46555.18496478608,48644.4348904115,3.6844967847605226,0.7140527233781268,1,16,1
40597.89859865643,109710.01246421564,17.87979420015741,0.0913914863317764,3,40,0
32036.78406901075,120623.28729413211,13.085851046499236,0.1992703364668008,2,42,0
43701.568919198166,118116.81052837319,3.0420856644454575,0.8774700466544819,0,47,1
40379.93176805661,22839.9332925622,8.80646836736698,0.7387231507265664,0,18,1
10141.932885415756,176104.86821292416,12.30596050139604,0.013745554011345251,2,41,0
44735.39092600891,56792.00830479768,1.6692816997876658,0.2483762603698002,3,18,0
27427.769853866885,30255.409650146816,17.648327368146774,0.21440648299316456,3,17,0
40564.56760303907,178305.87557445056,16.072070708830704,0.2708063280369726,0,42,0
44908.47369625117,191352.0421548019,10.104135471532764,0.2475597702798864,2,15,0
16582.17027362133,173114.88536676287,19.342532305183408,0.06252629574284574,3,14,0
6392.544301856161,162855.63457135123,8.355219585501994,0.45894051659682034,0,57,0
12168.822964555142,132772.18622460924,19.682206380729955,0.7327334747861651,1,12,0
21928.28164268656,112417.18726878216,13.35839997607254,0.6067317247174364,2,7,0
41082.723530202165,21962.418182724978,12.693425465078828,0.6728716685980798,1,59,1
43175.798579560826,84648.37654878625,3.3190979059157,0.08114917853623915,1,28,0
1340.6543960283445,77674.26081740123,17.63855516609288,0.9514907101767872,3,44,0
26026.61782630072,55651.98783326361,8.549793758412303,0.8384918338430248,3,45,1
21453.13915429017,146066.92216927407,3.244668115649587,0.8050903184956627,3,44,0
11883.282713065782,101695.7683403603,0.2521503995151808,0.8229838050417675,2,26,0
6873.402999350457,20804.01210199135,11.19511367276765,0.9327105081327614,1,28,0
17543.14339877777,47935.72438021321,10.547992442453527,0.5442539661136977,2,34,1
47202.57549171344,138235.4589136212,14.387072447383172,0.2002820178676259,3,19,0
16836.943669017004,19845.51760060854,17.805161060356042,0.6167836078525412,1,31,1
26420.74046542494,170985.34823950988,1.5881316928605904,0.742881493667939,2,56,0
35447.92898586371,101553.572767725,14.629929806807247,0.7379173933540254,2,10,0
18817.850516585404,98714.38257869636,3.7482388819516443,0.5214490241668801,0,36,0
48617.32205332707,120519.51800860593,17.163541063143278,0.06845871933357806,2,30,0
48159.91745216345,165812.78835540407,16.38127027723312,0.3711129384301278,3,36,0
13337.332495442844,72822.79554092765,10.815875099710887,0.9207666084633573,2,55,0
25365.176788726887,137213.1497490174,14.20485597246623,0.584448909757426,1,25,0
15743.037181021713,115317.73297917926,6.287002263674967,0.5383319432557134,2,49,0
14957.184224495913,57070.51268303716,9.423357978656293,0.2688535143821935,0,22,0
2807.460420372107,176332.8473392558,16.432737954209433,0.3684489199165789,1,50,0
30868.652365014947,160498.07421335098,9.185303943464278,0.8953460891531693,1,7,0
25631.27213821421,133398.107758393,7.155965306508836,0.6664630475268357,0,30,0
3522.4588112494785,170863.43717337717,9.884248945005998,0.7873870267523329,3,18,0
14653.67674759396,174122.36918716147,16.56498504874437,0.45434542306765513,1,44,0
45505.02841236603,143130.7804594318,6.704160947417455,0.6302472194561579,3,33,0
12738.532642681648,168217.59903091606,3.475231862714876,0.24838360874320753,1,47,0
8099.848732469932,141006.93502551032,14.240280406615614,0.7054608302834863,1,11,0
24983.185253600586,137627.45049325857,16.519564254161637,0.4276013337033373,3,8,0
49296.87225141944,125629.21875196094,2.0127495704706666,0.4425455148147456,1,40,0
12860.70830406352,151779.74471374004,4.7974822551188945,0.6493223245768817,3,23,0
33934.64182288805,35927.995532149376,2.839439795219878,0.9362806214689267,0,16,1
38319.361151107165,176769.79804379103,6.9588282316433325,0.06400634660862092,3,59,0
12644.239655627583,175009.48791032023,9.007019578108252,0.8247432373470076,0,25,0
36682.60108198112,10703.220191739034,14.976526739266129,0.2923831104121931,1,10,0
19021.37350324341,166034.26636012873,13.022951697633482,0.4439194545063778,3,24,0
31982.985699085395,30129.624157321814,12.418571349568623,0.021913328775008956,1,27,0
32042.95582728384,70348.17658053267,7.047498932193088,0.30104607783431303,3,24,0
27252.959519663167,149984.10997686352,16.8289510616952,0.5026312426301305,0,52,0
5424.198732666006,36348.179729420095,9.42574334796329,0.05617607734743901,0,21,0
41929.82228387266,164503.56970321713,19.58209876030309,0.49109572938316515,3,29,0
16718.223183615057,167266.16470175967,12.682842765914737,0.9271106288584273,0,46,0
10139.407009592858,103956.20808336306,2.5252948312900547,0.10539321810780522,1,9,0
2997.9819361834316,6245.244984782548,13.523551241508681,0.7644407280755043,1,20,1
29953.75421622385,60972.435969107995,6.50208030863398,0.40967105337599263,2,30,0
34200.653730271835,125300.74908326974,13.726543933721949,0.655173714524338,0,49,0
1812.8036174649515,196331.30471534756,1.3928229632481148,0.26023659798522936,1,40,0
26092.559856664768,128203.63776825034,3.4976287435191877,0.1594922625413583,3,19,0
12098.29298469896,55661.69830751116,17.114745178115726,0.16046261427122643,0,54,0
32613.466730063043,128631.11210442422,4.543591140470298,0.07049194564314465,1,24,0
9543.955021244581,110297.14904459182,16.7408225048588,0.18564670490124302,0,43,0
34855.94916702083,157069.852054473,5.585521769088208,0.6642193849889683,3,41,0
19950.031968726333,25861.22457125689,12.857638201174153,0.881690611843508,1,12,0
46899.76944809999,153400.44098789548,13.883011470196621,0.8141256855911618,2,35,0
7738.526263153669,110546.9828418415,10.253095062901059,0.6851343098744841,2,24,0
17712.251201462666,192783.44075250396,6.106213533934626,0.11043186341110267,0,54,0
6560.202540788864,71665.07237754378,4.252887527421922,0.28918744629594983,3,30,0
46309.987295649575,128361.26916111988,0.6637870912485244,0.309806875322469,1,21,0
43989.62831566807,186745.4805744534,6.078928024814476,0.24995694639762123,3,52,0
13639.139758042626,24989.396958182453,13.06325581062566,0.5150056597097231,1,59,1
33339.21825567477,187759.55501110796,18.766096368969652,0.5355538148796726,0,45,0
41043.887809859574,139137.7158486586,17.42408964526104,0.3568859751711102,1,56,0
28204.839768373655,18228.226525508522,15.321295530706053,0.353789158736436,3,13,0
26952.878339444316,63687.89555462917,15.768946865065974,0.8285555979060814,3,23,1
12850.762254122132,143093.5572858299,13.299698069519906,0.7892928483196856,0,33,0
5562.035622489061,18133.36728641048,5.20573715132006,0.30779583168074565,3,21,0
44963.57213971301,118523.23973437329,18.143900614116596,0.9137884438732593,1,57,1
45120.48480100319,72447.19610582656,13.414646238116681,0.952815017002506,0,24,1
32021.97140639013,126078.52596465804,11.2088126196088,0.32674254203004083,1,47,0
17612.459761386333,13919.696593440005,2.2197893842696215,0.35442494879305486,3,22,0
18111.269156020382,174949.67719971336,8.941110876128509,0.5056341534219588,0,50,0
36571.82826464173,194830.3489895924,9.207165424038525,0.9411208125336735,1,18,0
44958.402737676275,193931.18178070983,17.291272190453398,0.8763194331423115,3,12,0
44467.23478899075,151182.10718987032,10.932964403755769,0.1025679625835898,3,32,0
39213.90174702357,30366.816825473234,7.608010979408193,0.3927307432714162,2,15,0
32459.5506615601,152861.3232061594,19.536006570213186,0.5533711897497718,3,39,0
5122.8582847573925,9794.448709466295,2.2144118665263135,0.50313247255154,1,41,1
8919.806990636074,9314.092548154465,8.450968566238892,0.19386306793689267,0,30,0
45029.15523782688,68103.99273416054,0.8404935034281058,0.8588167711681547,2,11,0
30715.023923319906,100285.42212890982,14.798082415338607,0.6769407829968374,3,29,0
1450.6555292148528,155229.4464725197,18.361531043983014,0.8379083748518036,3,23,0
5972.105600435573,138242.5984382685,5.600746591009789,0.8587642793494722,3,28,0
33511.58668629473,91951.02774346592,17.166833535982416,0.7483558536657398,1,11,0
1248.0176084647157,58357.19992492485,5.844364609237955,0.43921060124971734,2,34,0
8879.594519457434,199439.27753075366,18.215403232878305,0.6105467550154245,1,30,0
27887.95567896272,88105.35393601473,15.079238071935679,0.16036540611974315,2,22,0
34902.86468694197,93020.46974428672,16.09813553682877,0.6736454174749077,0,51,1
32946.101715627425,36906.64513237549,0.36013111200909,0.17925325573928075,1,29,0
11989.196163567429,159987.86200623622,19.25620714148052,0.6939495905101568,1,16,0
35896.781846029255,140268.0340273903,14.533419841406465,0.22959816075396866,0,31,0
12625.205287343204,48050.07449380828,6.095021907722666,0.11755130015021997,2,56,0
16944.585209804118,21064.303895089324,16.58789329717694,0.16528449014295743,3,39,0
37578.07885078318,137697.36390456907,5.630423968298599,0.001992135219070268,0,33,0
32832.01205331352,132629.6867848214,17.455076791322558,0.7187396178535302,3,8,0
42611.947114214716,58285.60776465082,2.2516078082387403,0.7324010490583791,3,16,1
33223.03172271683,190418.39463883,14.073719549215916,0.5149333499132595,0,43,0
28847.121563438108,34456.288897275546,10.813969532898206,0.1613628010553837,2,19,0
5590.063623576531,89305.28620330738,1.9306894039088163,0.08355433751068975,3,56,0
19018.074349912244,189005.10443268178,4.83787656517678,0.01912896643728701,0,31,0
13994.916016404546,86846.82680059384,0.2480807255462958,0.1657481769652207,1,53,0
12955.492525575095,129512.55979449669,9.375359309290117,0.8908555349831467,1,26,0
48677.51718286984,82530.90760274489,6.0253052152000075,0.24153684170168177,1,59,0
20261.78850867126,58471.96445799065,11.967149685955176,0.35427132721721566,0,44,0
44710.281203678554,196875.6413521665,5.944756154172344,0.10534548448133318,1,35,0
31925.792673865883,84820.13123143339,5.998382230139693,0.22236130474817029,3,13,0
39945.75387354077,179349.3447174312,14.863863974632068,0.5192245707802051,1,56,0
25629.217562154412,49841.14814876181,0.962856719567069,0.6077526830956526,1,25,0
29268.290346691596,46555.41728489124,18.057899903839743,0.24535231416621106,3,53,0
25133.366997124333,11071.146162479716,17.04527748782363,0.05773215922511721,1,37,0
10566.906402104181,132075.0309482976,13.35609366452813,0.39103286912739865,3,27,0
36400.153647813764,76862.63702613342,11.864431402147686,0.23420337092633414,1,12,0
14757.845759601934,173549.85871872923,17.846049962793046,0.21955392322980194,3,14,0
2191.4823551412383,97275.93180485365,3.706603590574289,0.9598628027134553,1,50,0
32628.142499451224,193797.71844337074,1.5793832438165722,0.6163004859257241,3,6,0
9678.423290945399,41177.47556210862,4.790203398190762,0.5568784431720959,0,34,0
47082.4706332928,174381.5177513441,15.891565574003806,0.4157751035233219,3,13,0
47742.50027312678,156436.38629438964,0.6934053345296665,0.42894433343014426,1,59,0
45828.35512080198,155329.75970559014,11.656136701669793,0.5409050038380808,1,9,0
19137.776312516777,169732.7294827931,19.908750323826197,0.6964298070361072,2,40,0
1757.374209914504,153399.67823388477,17.113921876750787,0.7021460961818294,3,8,0
46487.60956679854,127112.962718126,10.428913780871788,0.17169390770544957,0,59,0
21981.0232675484,30592.751148065578,1.2728181857328469,0.500112752076627,3,50,0
48366.08613313981,11342.605000794123,16.627470287714196,0.41195809503410197,3,45,0
48217.37887737339,184565.33032405894,11.97957016354421,0.8705269662693842,0,12,0
42797.46331790064,125246.81133154391,2.2986599411913367,0.6314189212183764,3,32,1
15427.995711409698,160324.7717403544,1.877145696467124,0.5325040664159818,0,6,0
19869.788701494337,98896.85854494726,18.19253638873185,0.11539464217891737,0,32,0
42705.69690432599,27875.096847666922,13.384005258761569,0.6056378893234114,3,21,1
16529.178252657606,29411.229479497335,16.58573598633511,0.11720390568023342,3,43,0
9305.144587618532,138685.2310096494,17.579578005645345,0.33720657556575206,1,12,0
28283.26186045916,88909.64950539522,11.435447040966444,0.14284196481433187,1,49,0
46871.58393387827,44102.32170656566,10.348927035100825,0.6920736470243689,2,28,1
35105.46003707367,100860.93661458019,8.608548206419805,0.2062521138361526,2,46,0
28932.997334378884,17520.742729651145,6.338931755822386,0.391859373188026,3,16,0
5761.648194767658,118484.42337330776,8.691919217174235,0.8956747776187787,0,47,0
31135.35410825932,57453.713864844045,15.477593114603128,0.2043163833989703,2,58,0
49512.6386551089,160524.0246242517,12.03846862030263,0.5078050639587791,3,38,0
7864.116746589678,65520.581990096885,17.850465799096924,0.419271661166022,2,55,0
26398.1529658231,93767.92907095123,8.867600287583755,0.018124041045729733,0,41,0
43991.28052446982,7266.0052820796245,12.14179157437508,0.7927581135728128,3,42,1
37297.66226995602,19127.14311993898,12.626151061839774,0.06904590631459973,0,46,0
35153.77130876813,81536.24349930354,11.83394324612651,0.4742550209769536,3,22,0
35421.720115368356,98588.07276983908,14.052675461710326,0.5606782949389499,2,40,1
18615.066409768002,122004.00688326423,4.748669367496126,0.6284264566145871,1,53,0
15386.000368960174,61874.20284831413,10.247275550915813,0.6886316293078756,2,10,0
40658.69661844717,140521.4677946758,2.0844960561669534,0.2532723835227151,2,53,0
40695.55633927986,172723.86745189488,7.690226552896251,0.009978776658449373,1,37,0
43486.543610425084,157070.94283420322,9.753341372425288,0.723443662354912,1,8,0
45748.78707526709,12725.670942929642,13.04448519090945,0.5356565993475786,3,57,1
26055.777544185952,98698.85471527664,19.01062105172407,0.8361177032072488,3,52,0
25574.29843967278,25461.3847915441,12.013021330967117,0.8213883629006943,0,40,1
40116.463769371985,52198.77809319286,14.871878323531195,0.8433261677878832,0,57,1
32848.23260811049,197399.20568709355,10.125321189904055,0.48509465997954015,2,19,0
35396.37698562747,32786.63086579508,12.682080627526627,0.33362839583686565,1,53,0
39993.84080236895,102283.18992301443,1.4186443226754686,0.79155820259137,0,36,0
44610.26174906075,125540.36819203323,5.08783161683694,0.45129411302925493,2,36,0
17561.762685725254,141980.66925610026,7.237061864102774,0.1834421964034345,1,22,0
19403.564679357256,114131.49327994825,9.449867100130271,0.8549740195614743,3,29,0
5605.115052202581,6905.315246740814,0.9129749100476747,0.8825598767723473,2,57,0
29335.726908812525,68659.95510757843,2.8004819510663537,0.4663097561401701,3,28,0
2761.171416040362,105953.77046001873,5.536286155826115,0.07569972730978747,0,23,0
23814.302888490547,22133.967333242505,19.430653818021014,0.38782608991693124,0,55,0
27589.587100671255,73372.25158579025,6.626940142061015,0.8035376594626034,1,59,1
15040.521354285936,11474.60621431648,9.64082116224165,0.9017740285462287,2,19,1
29950.829767881525,20322.806945229044,3.9219542547678587,0.20347274249759584,3,55,0
2494.512247013422,82400.03885931123,12.215601421515366,0.06697361202527152,1,20,0
2830.061248711507,30879.572038396767,5.613664310319486,0.8773504531328387,0,20,0
41307.42747232325,115670.46541100384,4.1398515687685356,0.3894049389788753,0,11,0
18649.341429151882,139445.66898176682,10.33145256891958,0.5417609642675633,2,32,0
7225.965119942354,161114.40632627116,0.11011598320841642,0.9680658120507589,3,20,0
26589.919742685415,44029.29762773797,0.15328065298450655,0.06656472791422285,2,55,0
38729.68410183193,37659.1035405186,4.3813761820371555,0.6483180074520956,3,41,1
11575.230347345316,25390.72886520805,0.7344272500164228,0.07410542257486707,3,13,0
31521.633315131014,129103.89866100915,2.1605150826138275,0.3754689284665004,2,20,0
5182.0257846946315,142762.76666494572,6.777212986775032,0.8038145451934468,1,8,0
3532.404337261777,11159.298241000197,16.051713591596258,0.4334722327556344,2,52,0
27036.376946839253,187561.38801751952,11.440972867386016,0.9971823539029504,2,18,0
27491.12095889522,15134.40031203712,10.253354519128328,0.5590592849466022,0,46,1
32234.06517341212,110552.78538370875,5.869776464162433,0.3211621526359535,0,39,0
36578.475352410416,143266.8012929287,18.635074388656328,0.22011132590475313,2,29,0
48816.75189366419,174838.9791304867,7.940300824743833,0.3505205342861618,2,45,0
26298.71706675857,144246.9517658234,1.7418553359154298,0.3725332737595508,0,37,0
16824.867174121053,161336.9761986094,12.341330322356026,0.06871367772396098,3,37,0
39964.12354366648,71192.78754584718,2.276767869532028,0.36957419942677316,2,35,0
14270.780311841636,163890.89718056988,6.904462856033842,0.4642385197392249,1,57,0
22509.59961457617,20622.395045011654,10.148238774356177,0.7227377522388047,1,54,1
4844.3626857710315,179489.24793180288,17.484450493703516,0.656729484721608,1,18,0
2242.1864273574183,111780.51334997857,9.870931606802372,0.7087656552291542,2,6,0
48169.772319218326,164373.06514268628,14.045175320633286,0.008363681876857099,3,39,0
41963.02590509808,93202.06548106852,19.856336779981408,0.21766739958053605,3,20,0
35102.7360985912,130497.65056332237,2.6297823979596324,0.6616842883998565,0,49,0
21038.694276299226,107648.51888254208,5.49463051039039,0.48398936817974714,2,19,0
9491.421683471443,147659.9567422897,7.891521511952928,0.005313475668345946,3,34,0
8665.415090883216,20917.84649596497,8.436563570776627,0.8044946424318223,2,39,1
13261.90201006517,16768.65637815994,8.220421505310915,0.7728095732903374,0,23,1
27912.106570599903,53185.13063197856,18.1522200511311,0.5484191629935626,0,59,1
36015.200212303054,36111.212622071725,14.280652889337128,0.06646332577627212,0,12,0
33349.671459168836,174997.79548547932,12.158104281814076,0.7665150495325846,1,34,0
14716.7609503512,47746.727534818645,6.187454357255642,0.583713587731364,2,36,0
47788.39875249651,195293.72488473062,16.475807684425895,0.7819599771579592,0,30,0
37156.948918092654,70694.67939536583,19.101210229699777,0.7517469923958404,2,43,1
28163.348573058633,40512.99355929636,16.42396565100453,0.8030020719578371,1,19,1
30974.31656548326,158991.20889278344,0.03130210382945808,0.5180080664046248,1,13,0
21560.403058961707,133448.01622267085,12.72802740366814,0.140324518193515,0,32,0
13138.818485556716,102148.1647083621,1.0227076288420145,0.6711574733796887,0,59,0
18442.661253911818,113295.8924328381,5.152144406674437,0.6204737850519706,3,7,0
38134.459412754084,145244.34676309145,1.1904940069554337,0.7422531871990872,2,22,0
1705.2809428580376,49548.67455960325,12.075909058987754,0.1698810060507353,0,42,0
6687.559384838895,199285.11363106468,13.731798269852135,0.19497519990028922,3,19,0
3254.1294590658845,195084.66661862272,2.2897527613181023,0.8904095172193285,2,30,0
2995.7113136295366,131813.50883765268,7.67677766089959,0.7499777984520708,0,35,0
42917.568616539356,43910.7779311833,9.124730179110841,0.9082284887003229,3,34,1
35479.23510962116,137644.5072741018,7.381060435218332,0.7587153211639207,3,25,0
24234.517625278935,19078.689750939287,2.420500009703861,0.5971553059903019,2,26,1
5793.873871899073,10977.237930132182,8.378955803749509,0.6541327370278737,3,58,1
25089.177880724787,55248.16325968667,15.023560956168362,0.88912792394001,2,27,1
24200.116768247717,95211.47656416667,1.4201532906651093,0.5788067545119405,2,40,0
9486.891625590744,174313.1385546342,1.603600281638069,0.6323913243283874,2,42,0
22258.73081266068,146797.96860443006,7.095425836719684,0.15647671600360058,1,21,0
20526.7319854713,149827.7716339963,18.834514232378503,0.4739212201161027,3,55,0
31176.654804558606,87971.20021737469,13.371452934458281,0.716397111958099,2,54,1
32119.588892514545,72457.32354665778,13.573399133451296,0.2709426983163654,0,48,0
3219.8964788301814,77352.55878199753,7.238399816757299,0.20225418052453492,1,22,0
19356.01811669709,197591.66492853127,11.873215824170769,0.31382680822441555,1,21,0
31667.135869997583,12821.292325434084,0.20262368055486757,0.24150062799283345,3,7,0
25653.6766704243,174071.14174387747,12.721920928190844,0.21491263703639585,2,9,0
42968.00221822779,117841.70467161671,18.265738951524735,0.42485084286808694,3,26,0
33275.98794932831,90530.00674197014,12.251469366896384,0.9078385138835341,1,44,1
8983.786926990055,146425.24378095163,17.473971869326903,0.5070596467387183,2,39,0
4457.868622621063,99900.44357781706,14.479461109321877,0.18792038081532303,0,35,0
32478.544632109464,175317.5314259238,2.411168328073805,0.07697166938087407,2,11,0
2299.054216539469,180636.86348219542,18.049066145716836,0.6961561451379252,1,22,0
29703.0034823997,87235.5807403238,1.3288768871154977,0.38279876443638783,0,44,0
47071.281829822925,58981.420460835056,10.679349450955275,0.8218309465853593,2,30,1
29198.234715918068,120508.31407570564,2.8427424758691533,0.6595107686407702,0,10,0
20020.326384119573,182910.85239525474,0.2341322146180813,0.7962414505413685,0,10,0
32521.122703675304,46079.12685610498,8.44068520255278,0.27194603941844875,1,25,0
23454.391634084313,126478.48379487914,5.900814153083125,0.6923589224610581,0,21,0
27735.22267648081,128154.2429180415,9.72000987595206,0.2640619846937188,3,56,0
47131.775630049735,147957.0393709798,11.543997734691017,0.9390684794502916,1,46,0
19919.02925223794,30655.698599815663,0.8747814461789472,0.6363742815333744,3,42,0
48098.337627371795,144585.86811300728,2.4600659024749127,0.3245118001753421,0,45,0
45362.18145584712,182261.3415298,11.172847929008507,0.26951186229227264,3,14,0
10593.765604675526,40038.206229697185,6.863347063453165,0.1909265850716435,2,10,0
4398.703742883107,51320.94836015614,14.58346975098896,0.6946409588937278,0,47,0
5938.122067493906,194422.04333811972,13.045832971838793,0.2187156129979273,2,7,0
1892.8694569259367,40290.5057783505,16.912087259798135,0.5953032659274891,3,14,0
5627.705077040491,171605.09320706793,13.849856533384505,0.26463502692535734,2,48,0
34467.331897401484,100994.18200736678,8.598621547802964,0.6619689447938686,0,41,1
4488.24377455122,53210.059508619524,13.459332447888649,0.8149397285405392,2,27,0
16629.805884394304,174796.23074813973,5.50762348510837,0.7780252431446532,3,27,0
42398.89023750327,91834.52472551978,6.126269975564254,0.7608513309307817,3,27,1
2140.3248510554677,105389.3840162896,15.779703198415866,0.18772240569225207,3,39,0
40908.95564685785,75050.50703295431,8.928390328031643,0.08838494698451871,0,34,0
14810.883963896596,120625.41602981085,15.96760681036705,0.6989488284873856,3,43,0
6790.076553461156,36887.15515407944,16.44844747336557,0.3683472137943513,0,51,0
35140.12110284338,81260.89964709333,17.151246753225674,0.4323462264033473,2,38,0
31818.199492214317,194035.40285538108,18.332704716824146,0.031149092793391064,3,23,0
43996.12866282559,55336.01937671987,8.619704410265925,0.2595764492750492,2,12,0
37018.481146390404,133063.649585552,6.377336366422776,0.03367640387446402,1,6,0
40370.56558885758,68412.06252381549,11.643974931882276,0.8791857726012476,2,38,1
14819.694055994018,155827.25950888713,7.423448468752552,0.24339668321853047,1,6,0
9694.537645206417,30520.363840078215,12.021483336004659,0.557337169573008,2,29,0
37780.122830402055,194115.1037903162,14.111717252876492,0.03897932066113041,0,9,0
40534.90222409594,93488.96056980966,13.768100369842738,0.6668473913056581,2,9,0
49534.75195803299,51029.84035256047,7.491057740402427,0.32302734575409386,0,23,0
21218.2661686599,19331.865729352467,3.3372040339750564,0.8979191869576658,0,32,1
19228.886203846374,38102.79149207044,8.61058676924415,0.8881181889340358,3,48,1
39044.23507635784,106355.91996842345,2.8518828816381747,0.3252906183617478,0,37,0
17699.373472397874,70715.61940410083,17.801940703676166,0.9009608956904679,1,38,0
46607.10895457467,166632.25634710884,6.917549214757148,0.9961576734987788,3,33,0
43062.22484030758,89023.06711405216,3.0891949444664757,0.8254156641239481,3,47,1
22020.7073413759,53499.28315458783,0.5089551981150175,0.844871347755229,2,46,0
37792.68232178337,125343.27238778587,12.916447725729686,0.2490087361090899,0,41,0
37972.60083014944,142821.55729266192,12.738046349094866,0.5767023988577563,0,11,0
6053.069572960698,37573.172040685226,6.812083331625834,0.06725591396736785,1,21,0
45225.09242729877,37685.74717622194,1.4342377769530201,0.09491793682166971,2,39,0
25757.366249945,12150.92825204088,8.192577897904641,0.9988926120332906,2,28,1
41496.41583927934,148598.3929377999,6.224349901267871,0.32663924942591094,3,55,0
16682.430450499975,134441.882886252,13.542412794700187,0.7481839120488464,3,47,0
44880.63819631383,97553.0207712137,12.115584989053808,0.8066650530268165,3,29,1
20070.882257973994,169613.23754899343,7.2918745639508,0.8580232710072292,1,54,0
1531.0449225346197,162105.67982526036,4.357851085099802,0.9976282974021565,1,18,0
45363.71684454392,119144.10105736667,19.760719323111836,0.24149648525686784,3,23,0
5473.047162520545,174312.89970008543,9.080032423922297,0.04035082685969971,2,59,0
16646.36824193033,45139.035957169806,13.76548471560474,0.411191517994586,1,18,0
47553.03638548944,26824.325782556934,2.8110593515672155,0.13008066982894695,2,54,0
47579.75019994025,57601.174245812974,9.711793993187957,0.022425889162055124,2,42,0
29098.45651804102,16131.936937416396,0.5507343973893097,0.3604268271414861,0,48,0
31960.023396320164,108578.05796020124,10.109102358208998,0.7837382510752364,3,44,0
22973.830576937668,187638.1099975175,19.280348142354047,0.5661806912250709,0,47,0
15367.327813205162,12671.990430359381,7.6841342597160045,0.31277798921035405,3,22,0
17104.562723125884,28811.433231955227,0.7799202514982317,0.6543420054927197,3,20,0
33953.404347774886,93178.81051526988,0.6191158183868706,0.23201818030881072,2,23,0
37866.35194244632,187105.62841794145,7.75973519893739,0.014381446072085025,3,28,0
39787.373142566576,66650.44047046635,3.200498729263881,0.7643533864364274,2,59,1
39691.28899693314,103910.78769423653,0.46704192656371823,0.6237430848640091,2,56,0
5469.099049385828,13106.70751482646,15.124272279003536,0.76230262450096,3,35,1
25226.59493042649,33926.92418760733,9.170460177637814,0.03893801668766561,2,39,0
3820.37924081557,197392.87397697516,5.7848954394530905,0.8371196278306522,2,9,0
27926.91523386304,193198.14580502888,18.001663660329616,0.6195262000363033,2,8,0
22634.994567295475,5963.296282209875,2.322779204010512,0.5633953507126401,1,12,0
44497.50495515669,190603.2981575316,19.118376579106386,0.6246140481145316,2,23,0
18194.835615051856,129628.38787402258,6.279334347547056,0.8644332468683641,1,47,0
6736.283804952687,174244.0674314043,17.768073446173624,0.5869365065589071,1,12,0
8006.592420588957,93674.27184860253,12.05885752958923,0.5809503798881793,2,45,0
38314.02095415614,105541.2255729538,16.53414719482975,0.9906791570657658,2,11,0
31292.68510249679,100325.08315009944,19.680263264209287,0.756730167068568,1,27,0
5955.011130016722,135038.53022149036,5.7681087563749145,0.4422938054511353,1,6,0
5121.2334996348745,32231.994677481016,19.22270970815186,0.7073970000329277,2,9,0
35347.48744149688,10844.8500251722,7.789637898048407,0.3892304716917885,2,51,0
4565.387311845483,65046.338610282226,7.710238094738447,0.228875462483499,3,54,0
41271.142905227454,142412.74873364612,6.807742085090114,0.5968518768877594,1,57,0
35605.86913066832,44361.423163974934,10.828152146951703,0.9281820981139515,1,55,1
4986.090251453088,136319.32449835888,3.082900863569742,0.9291395200154627,3,48,0
5157.047990174404,194132.84899091773,11.074229707160224,0.3419052781054903,1,34,0
49345.339346557594,23310.639578936585,10.83409624820008,0.527677466221695,0,26,1
19339.268992049896,136157.41305389963,15.2380362520974,0.2116358985698612,1,31,0
19161.465206277655,91531.29276439137,16.67299923875171,0.9956311094988834,3,19,0
40827.17879561763,174287.73960361353,8.808827006248482,0.9811179078679357,0,14,0
47415.180291809076,39544.20894224025,6.0466649870298745,0.6495089297074473,2,52,1
49314.052127320676,140062.0606841021,5.186697946341889,0.8044140596774734,3,17,1
37915.53107768814,168432.4814813815,3.8924767340974387,0.7151001612837,3,47,0
19436.719691014874,189199.77279743453,1.1529516439804977,0.5931582190394682,2,56,0
5091.5351182347695,138233.36551648093,6.848959576694266,0.053347996988897695,3,56,0
39080.198880444404,101949.07898164332,5.404953842615665,0.45476434255266107,1,11,0
28361.808237054447,125480.2118392367,19.328347717328146,0.6747863021674105,2,25,0
21786.87845310184,174436.47197335007,11.154176525000878,0.6775316138836847,3,29,0
45411.364869642064,116268.9005945718,6.945540780610151,0.3731226184223836,2,32,0
6448.676633001416,10925.476640883187,11.60935201987392,0.9416919866580306,2,43,1
25138.6301102521,186534.99562386065,2.78393402691391,0.167357032236781,2,13,0
1556.3285936035345,139457.7164511544,8.880874984044059,0.5003594462155606,0,6,0
23964.371457712186,136920.11022656306,12.524686428421276,0.6908839765508228,3,59,0
3758.86050841003,47056.65471755485,9.777956635849028,0.6971358058918092,0,54,0
6822.077897135524,133482.66669536816,8.035576013086486,0.6486389567688156,3,54,0
6758.7860920781395,81803.5591025609,19.876967777993965,0.27528821345186016,1,29,0
32811.30480368712,131990.43052309094,17.60629524297854,0.15620656868662197,1,52,0
37556.19908400574,25785.64091005819,12.468119163188803,0.6359403268267109,1,12,0
29585.069489760823,133279.83439759203,11.387547223645655,0.5993021161394377,3,24,0
48146.45487525255,199885.67652527997,12.413209596491681,0.17935601028924097,2,27,0
19368.6583966615,14401.347577808425,4.0262421564486655,0.7051391455705633,2,40,1
14999.892227811177,195548.96592315688,7.902754865286372,0.4551719917336564,0,35,0
43561.357281283555,84347.05234095977,0.7891906578179864,0.6677605916031529,0,34,0
11956.19608745318,174796.92281576555,9.510920749736533,0.8373670797701507,1,27,0
48197.90443258995,157565.16939136334,10.860491679153263,0.16972842857692316,0,16,0
1595.5692598010007,115568.17089240022,4.554994722064192,0.01914486799683668,3,25,0
48524.06250867431,148997.59580400866,19.280576943310276,0.7791025863957868,3,34,0
3114.8356855782295,176310.53445376284,18.18909221874484,0.6096974251526159,0,56,0
44666.01257120549,83807.36272195143,14.442864709118117,0.6996395696221217,0,46,1
26857.354345228694,68771.46650483154,10.667732575307252,0.8381549749886426,0,47,1
49655.27500984572,135180.710184899,17.3993831929537,0.8028109348245005,0,39,1
4616.031672034544,162529.95867854543,2.6130468764692583,0.9609201469288247,1,6,0
28138.859935664717,153645.60128144006,15.8101958854977,0.5359350788521182,1,36,0
48495.82424533585,160573.66152743372,2.496416279336966,0.48849563265990537,0,35,0
26631.794364337293,89938.74638852193,15.884213250988108,0.4018871998907301,3,53,0
31840.533268627863,164477.67215412922,5.515351365027139,0.15369104284420454,1,23,0
35091.68576024624,28440.765797268647,17.541811620363777,0.5726072328820224,3,22,1
23272.51217362089,111175.37410236566,18.880841876507958,0.2770125243259788,2,43,0
31750.34592411911,6122.938797133706,2.9759193881023127,0.9213075122129755,3,19,1
29631.401284231913,68294.2368305527,9.25351210130787,0.5831908042770976,0,28,1
45156.74251405846,76459.99929992258,19.619747563253704,0.5928401805081102,2,30,1
3226.8726367314357,82253.6748638048,9.668148719462932,0.35492466087701,1,20,0
14767.196290019287,140616.1053045231,17.270950450290904,0.05198935197770749,1,51,0
47570.16271975138,80768.82974771742,11.774630442626396,0.03174376537298862,2,27,0
44622.9254106549,92495.25641139348,7.506598158392038,0.4233351441531975,3,8,0
23327.180886499933,51321.10552049385,5.715671110517404,0.08456537809723785,1,24,0
31386.4972922753,77784.09936772131,4.064461821721745,0.6068469555401391,0,49,1
14591.677966075502,49317.577316314535,15.235963827553945,0.8809730056396574,2,39,0
10217.936826464304,19273.20513484651,7.7308101364605575,0.8829148165187222,0,40,1
23721.221842059127,122672.4757093687,10.225509244015022,0.6590454101322324,2,55,0
18314.259173276587,135301.49571822817,9.846509600023639,0.211231831472931,1,6,0
29599.149480692733,125800.61747187482,11.545580584662625,0.8629968313588721,3,57,0
4808.997211284257,95381.3385411116,17.311542912491046,0.8860934353132082,2,26,0
48745.34557564216,79058.22713494982,19.61478687166859,0.1966535849529587,2,34,0
49324.32647950054,173350.06166650594,8.151684171476338,0.7374260857706773,0,11,0
35209.923986967515,106220.94810156252,16.55037844212606,0.28651954892712295,1,42,0
27268.7219508619,98440.46613779754,15.290555893094353,0.8026403123529297,0,6,0
16166.85319803006,10000.20283225496,11.470579029111466,0.9972378999036027,1,56,1
40875.95596564048,71543.32638710049,19.12094287223866,0.030026005329392813,0,6,0
34551.82745514008,79138.14566324213,4.009490310568056,0.8973658657909319,2,32,1
8968.230027899674,82770.4422748956,2.1852842061924282,0.622630533598658,0,26,0
45635.432040198284,118133.61199932979,17.079239339108444,0.9733826191648212,3,58,1
41304.32490323528,109052.4966117413,8.782996332674966,0.4650095175264276,1,21,0
47540.19575130428,123541.4930947217,16.93937708414121,0.8473879305713737,1,49,1
36560.255911029635,154152.236000715,17.861804103908298,0.06239406859827723,2,59,0
31057.344600853703,163532.21904963822,1.2491518723814288,0.3352790500782957,1,45,0
21493.908778240326,145033.9998641664,17.669295259721213,0.06701653775120997,3,31,0
46703.69568434665,191327.12071121228,8.966381107388443,0.9753431334790705,0,21,0
43437.13058552001,8555.353621890517,10.208649780084645,0.8169739072718367,2,33,1
3215.714835203281,43176.70720829149,12.531850221864204,0.8525474212459705,3,6,0
2291.9817503653485,6474.760620737714,18.527652134601734,0.9379652314338942,1,41,1
19446.70497702443,131257.56926014757,0.3823218885952806,0.08510348611978535,1,15,0
40717.11320830981,180115.95704524746,9.536869366356342,0.38559759251333336,3,48,0
49376.530336432275,52479.04783237836,13.754440848611214,0.07103488904400213,0,22,0
8370.427664072882,185771.7362352798,14.454139153964569,0.21079310155002862,0,28,0
30112.40505225462,16752.141106464365,13.85064863074216,0.22936577703767236,2,12,0
19663.651974920052,187215.0252270753,2.688702588162437,0.4691072110475787,1,49,0
48525.805492915555,73566.42401172871,5.987911767433625,0.2685621674536426,3,58,0
42263.827233649725,24777.06154759722,7.17431050834027,0.10097810681776109,0,12,0
42078.106530845755,99744.9930413335,16.0887441535901,0.1674910890941077,2,49,0
23965.964829953544,55071.43070549905,5.5751974482910605,0.14727556355209093,1,20,0
21326.155614545594,60550.21588257495,4.214099277344063,0.9730767979122983,1,39,1
14396.946524604606,64921.54316062588,19.148960380761924,0.7592925069184736,2,51,0
3762.3993358954285,161590.05007736938,0.177265702269378,0.967761465269562,2,50,0
43371.396436497605,110136.44895167463,19.956417113639564,0.43974048650790853,0,9,0
40832.1494473738,65705.0013354207,13.536425977147912,0.2783684816626566,3,19,0
49986.165991020396,124015.08774562908,16.56938598898234,0.7982931972091867,1,19,1
49835.20501662137,144649.38147352275,5.892387926923863,0.3262539180411468,3,21,0
28216.153574528744,58161.680143039084,0.28630555334119956,0.2993833737053483,1,12,0
38680.38334384502,85642.07479744355,14.757390371230601,0.2325059922078312,1,37,0
47293.52076423897,28767.788200704774,16.682891940013516,0.12967897822423535,3,24,0
42632.72214319316,40324.123159262665,14.809522639070384,0.25646306101676597,2,7,0
13120.056985416686,137817.98152317165,2.857005746016772,0.3553197484738877,0,15,0
23076.662630194583,40380.477800647255,15.06855844513938,0.6739942081457304,1,55,1
7328.811342423254,107406.85981507674,15.378455642152819,0.06256484221945158,2,22,0
47748.500335677396,143264.02103587438,13.170810313401098,0.21050693966534295,1,42,0
30702.557088093123,25841.00000347505,15.322318655911724,0.8090236402916764,0,17,1
12203.497469669674,115625.88282763619,16.918428793554643,0.14692192358377076,1,11,0
33913.33353588698,55029.74282176593,12.272082284749168,0.34264514652252154,0,27,0
31288.283782436894,192770.74067132807,1.7720942793935812,0.8646589218581401,0,37,0
18549.973183609185,99291.40111038533,9.752556193344217,0.15492531114344266,1,46,0
6564.322017781822,162168.54720615584,1.5529866934321013,0.0827368356181899,1,25,0
33907.08658404718,112294.17572047104,8.150860620648617,0.48453799508001083,0,6,0
26495.077344285874,13465.443906689738,8.142129782512553,0.3024195112785364,2,59,0
38843.60119504633,128464.51824083435,1.3201968828048316,0.5634083644838541,3,52,0
26488.011554487675,190523.65173029812,6.976410679389586,0.8038048904834751,0,58,0
42756.89351560846,122314.30492853458,2.2199619758262967,0.13714848815274316,1,11,0
28043.43509994979,164741.82758822409,16.164704200184442,0.580699084554285,1,24,0
28485.960605233926,177420.2603529395,18.953760519289414,0.5055087603898639,2,23,0
43956.0265302589,49475.555530041835,1.4463295051587721,0.14407878601319957,3,11,0
20770.660444407455,46348.7437821042,19.10230414583403,0.6239984855289824,0,50,1
7566.7461940813955,124141.29282594338,10.451531986734903,0.27364041786077165,0,38,0
2410.3511393536096,85150.55161230742,5.9913135590774775,0.4878343185440125,3,28,0
38001.72552800733,168772.95405901046,1.5372415055232702,0.08227232427706188,0,28,0
31395.168016319767,180504.50906261217,10.012485361408356,0.45958405721362305,3,31,0
35499.908636861954,73917.16896403003,15.890310889814973,0.3064634680428203,1,18,0
11435.243913936625,51189.759000024,14.141729545333963,0.8223812111853543,3,12,0
7682.202303751718,157202.47547255305,1.0045202292794753,0.05697872699736828,0,20,0
1712.6886177262145,58587.17693188654,1.4580367073580702,0.41860727491832994,3,49,0
18178.790381523253,165409.7921101673,8.057465652652741,0.458431424131438,2,32,0
29905.966655877022,87628.95946150876,5.9058098809588655,0.7250060762991187,1,31,1
20219.958209886885,135172.23036183673,4.647686461120957,0.574287575090211,1,38,0
22436.271179162723,23629.386197760294,5.620089978174272,0.667212337194181,3,20,1
45303.77603019367,126652.56831193174,16.069654865937693,0.7770492856517561,0,41,1
18064.51788414172,93094.69735375968,18.58456107263708,0.8622029736581888,2,50,0
26185.48496883073,119388.65031921746,8.102053890551328,0.3138754967224705,1,32,0
39398.99762431601,37762.77051024837,18.122220042649943,0.538022705363903,1,10,0
20430.596333742236,148690.38026411552,6.42991402495764,0.8401080784391999,0,7,0
31482.2483111658,173245.43012092955,9.528739726875832,0.9894511309650564,0,38,0
43255.82172859051,47264.261017701254,4.520579956319994,0.8895193110437631,2,21,1
47526.510559224465,23664.338326431538,12.809520843516879,0.3714672626243768,3,28,0
8206.600565522858,9609.524279035597,19.57962230349618,0.19516651721865041,0,43,0
46402.79363291323,130184.44258643687,12.069861920867574,0.4893925374065887,3,21,0
25113.69836089737,123383.33703731225,7.156281682270977,0.7416414518360422,2,19,0
13653.97502664896,111605.99547924365,12.956348919810567,0.4925690707532976,3,34,0
23497.652055674804,50229.683742615205,2.4584135693077513,0.4831808633136685,1,31,0
49021.59618898838,81226.66920157537,17.773181605307972,0.8382304210818006,3,40,1
25138.28660565061,120922.88536130375,10.061679015596727,0.36140377906718635,2,20,0
17108.828904087903,101869.53747753803,8.98699484079284,0.8597946748116456,2,8,0
32036.64186151956,197618.17644190302,11.717295769070384,0.40680480095172356,2,28,0
12767.13532013146,31605.75174856296,12.495677255788049,0.3282331056783394,3,34,0
4717.303077324532,140553.1880392808,1.4355161245302606,0.453989911199699,1,39,0
7315.106373621812,83842.15978033697,13.652344424468048,0.7624469586748684,0,38,0
7274.24610893085,88498.92491049488,4.838633606310592,0.12600202786399428,1,46,0
8443.231982102423,144931.56430334438,14.279052650131796,0.19641921587201738,3,46,0
7802.531459821097,140025.0495082521,16.450695887683935,0.951444825663092,3,28,0
32402.862495357516,198294.91877192672,16.079170151050405,0.17549162738135737,0,12,0
9912.124135558097,30036.88644355442,11.050019348157782,0.5677273179310546,3,8,0
17937.6968828693,25301.381629912437,10.403397846215023,0.5793144666619379,2,37,1
44942.63208539458,146246.06934010453,2.8575192267882343,0.4896244620502448,2,36,0
24224.120372880745,117785.44881624977,15.506923008062712,0.6447452485768186,2,23,0
33710.32918753033,58461.32997916215,5.428187608934287,0.22982672579761843,2,48,0
9443.673688879862,20486.776952852386,9.933908456358932,0.5526622677767482,2,12,0
10422.161921624867,21703.358671303955,5.685481858550334,0.37217325524689715,3,46,0
3002.5621970574643,179367.22055950307,2.676567259993863,0.661667259629189,0,6,0
9277.818090536062,42414.128320154865,12.591153937834731,0.14122354337314946,0,19,0
14650.926612565972,68057.45461252655,1.0866406964580766,0.5708774168394762,2,57,0
9673.513729560595,49197.99843426266,14.972904682524,0.1852703553833237,3,37,0
5346.424154095725,74224.27963722778,6.351735905222333,0.2786430631150364,1,11,0
6911.157683929439,18537.649335488204,0.0026938600897064013,0.21870980032358323,1,44,0
23578.15963360356,106216.65922711272,10.222582784744596,0.1828377798688171,3,15,0
11110.352201883832,18184.449900481908,0.9370381705520625,0.825710951560667,2,12,0
18849.223191355697,161069.5190253605,5.52339115641799,0.28570756766089034,0,31,0
25667.446271887988,50573.85597253444,14.139529749114324,0.9271237818644493,3,39,1
34829.3466028389,110302.32334787956,1.2537924324373173,0.9699265253451909,1,35,0
2926.2948522138477,176615.42207448435,16.78676984712005,0.5712604699370973,1,41,0
40171.10954654309,131921.08696420287,0.07639845317166216,0.1430011226657264,1,26,0
31767.11908505448,108926.76837751038,4.936477384038045,0.37454824337958126,2,22,0
5006.192565494724,68245.08185749824,14.818081123041429,0.797732263348214,1,38,0
43805.35258123208,69935.3730463486,6.325402994586136,0.36739072869707046,3,15,0
46122.747626058845,135549.95626364707,2.0378477613202706,0.08701721830278875,3,56,0
3992.8200328883236,198857.17543812766,7.204678376008557,0.5567849109281879,1,52,0
14567.004759212983,134058.64202062885,5.407865727690511,0.8451208514960348,3,47,0
40503.862709860005,113767.76638715486,16.854238043211097,0.7959263871435024,1,56,1
37664.72482879926,147476.84949665298,6.266958351702863,0.17512314013035324,1,17,0
10041.529948462488,95715.09439532504,15.778649435520144,0.6727646144124667,0,21,0
11258.116843498805,16727.756807153117,17.837442896214696,0.2205042634356471,2,46,0
19153.13303677772,114647.87909619241,8.67634839153059,0.21820753455217223,2,37,0
24741.626274360045,191736.93047854913,18.19886287708784,0.8740717733051852,0,20,0
31294.483804984502,39184.07375974363,7.546361079263857,0.24966895274023015,0,32,0
19076.76833891885,139550.95371002983,19.281568329802163,0.2632473465180112,2,33,0
23664.201090524246,44182.06928851601,1.7857904905114586,0.0006533907612995549,1,22,0
37626.07596855407,109486.39847225085,13.740385330064855,0.8706690341255177,1,51,1
2797.4769416392974,23851.907681110326,9.876280809138574,0.7925948132091347,2,55,0
13369.410272857016,92822.3325703461,7.752976109112941,0.627328935090678,1,7,0
35954.12970834307,152451.84913457299,12.654237574972019,0.7502657639388423,0,41,0
44865.13504667277,72776.44722660151,14.077141832686625,0.1520485674244918,1,55,0
26072.19466366764,134657.78627500753,0.08726539300618175,0.45832359458757543,1,12,0
27073.56077800047,160112.7423539972,3.3390617749439744,0.3512193873487809,3,18,0
6251.428555649027,185799.67479849327,14.260921012686374,0.09377652625701649,3,20,0
22923.20597434928,50755.205961813444,13.327708271564129,0.4861304852149241,3,30,0
27098.246056296135,82866.60358281509,19.320950102573544,0.9207396503426354,1,28,0
12881.054678101753,34721.1225994314,15.22075580501566,0.04005911905069448,2,27,0
14192.918316519666,198534.28292088315,19.01545415462676,0.2914609134937939,0,31,0
19486.92399212651,185765.1887452376,14.05081003069614,0.20754093620570346,1,38,0
1983.488691108592,110291.64040470912,5.9610441727888634,0.23814665366569632,2,16,0
16781.879113575735,169196.49240340214,2.1072984450171295,0.9084345518793753,1,15,0
11360.952342830687,106586.80556804822,15.636477266898712,0.4680690542342901,0,30,0
17047.37025671782,126599.20916053814,12.882984429518318,0.4662994129398188,1,42,0
6868.34445914331,22379.26426262324,0.9637202478659246,0.7605756424552823,0,53,0
44635.83675625485,152277.73199687756,7.201009318019567,0.1544922040049258,1,48,0
30086.030224148384,29904.12930887079,19.135996309685723,0.4872653541000508,0,58,0
34276.01363807999,166083.18789924303,10.008022914204025,0.4299852141210597,1,43,0
39669.390691759574,157495.47709572525,8.654582720394092,0.5969106905466561,0,46,0
25423.667747523807,143205.21605988042,9.15399210318588,0.9995577032504386,3,50,0
5259.094116283761,12051.274202328612,4.177654480103275,0.7694488940820471,1,29,1
27318.220549108843,64110.02940933908,7.374143417295905,0.3978657030174272,1,45,0
29755.21478302308,56306.95113261436,7.396265119743532,0.827553052274047,2,51,1
37526.534235032166,75226.59945694622,1.047100403749448,0.17070836331248018,2,38,0
22151.31776525429,22090.335618948517,15.351352570358365,0.030463686308960125,0,22,0
7251.434836982624,187706.77549105725,8.33008863807758,0.20444837246427305,1,29,0
14905.019384137498,112991.43693891338,16.443597736328467,0.34041155611425966,0,42,0
18791.03252353312,64577.240578314595,17.00696002239791,0.5105807574595599,3,7,0
32649.944825248458,82411.39582948526,4.239881093973161,0.6151291405411998,2,37,1
28968.136928776683,92204.49539844296,13.14706964340257,0.9106057172144217,0,29,0
18448.739568994464,122115.89500532037,9.445636083259634,0.5098540095504577,0,14,0
49339.247190856004,105557.48840081706,17.6031347584297,0.5012756446257294,2,9,0
30682.96614848747,184281.4347768114,4.314813583529082,0.05024300982298213,1,22,0
12624.11279506373,101907.8791666369,13.556264006200884,0.03491155265622381,0,22,0
5987.341158399783,198470.81289054596,12.155042445054452,0.5511599619163721,2,58,0
8490.09782003227,171027.86676029366,5.906029551436656,0.4381786132483445,1,55,0
13051.9286908409,45659.55029968048,2.7320180730234522,0.8391803949802986,3,53,0
8873.387289718228,186466.06685556367,13.032795209545531,0.16067958471184518,2,35,0
10141.784178513983,27691.447587667837,14.771949162646614,0.024971662117049598,0,45,0
14969.663265998508,164402.69315578236,6.3125468752669995,0.44903876793012587,3,16,0
9495.306169442987,79221.54222793311,12.896652080446277,0.23747855675225749,1,26,0
44941.50580669483,176204.99248678854,7.902618152230065,0.04961437333883745,1,26,0
4931.453537420468,174271.0545709528,14.264137665652354,0.724598286847629,2,23,0
26701.05808894248,162155.45302293613,3.984305497881062,0.11159299995724747,2,34,0
21109.444522493413,159055.93507987697,17.804300052723487,0.6083195000077717,2,29,0
49136.552228521716,64412.43212411795,5.748191929311595,0.28104975016688916,1,15,0
6489.906206234565,20779.260194994175,7.355719755123058,0.17349605035502202,3,50,0
20494.92435324134,83581.13485920649,1.1618390416069957,0.37975152291931746,1,22,0
48504.051230493074,38837.28042236919,2.230244246425528,0.8014457762229537,0,23,1
43409.849168805034,140515.46233598003,10.317238054246562,0.3920935769045727,1,47,0
41036.53147651471,72489.44667486817,5.35185353455943,0.7507696492110557,0,53,1
13637.238525202052,195243.9891676834,16.70960451484389,0.1254862967991507,3,25,0
9373.491782113226,129989.55508233975,0.29386777309907686,0.7727714196650791,2,42,0
33763.517776297114,165383.70990870037,7.581880973438723,0.23693332490664865,2,50,0
46539.423467251705,30842.311184660444,6.7469109353818535,0.6773931298888728,1,23,1
28281.38175768256,173092.8240431614,0.3865526183520207,0.5657815548409963,2,22,0
29009.02178402509,184937.65215011188,2.4873679800102044,0.9291447172116873,3,14,0
14718.975589353924,99977.0741696925,8.272853498372704,0.38732251797531403,2,19,0
38705.15372640491,123219.3228614406,9.857291688948933,0.06616518883444045,1,54,0
10165.143679318646,154137.9111760841,8.085794945097382,0.019155485551252904,3,34,0
16860.28258380794,39093.532315780445,10.618753568241877,0.8268585609727531,0,36,1
21846.385492204423,103000.38491037127,11.90263349811363,0.5247356376614322,1,9,0
25872.908555538295,82739.29041560106,0.1984764225567126,0.7752440518349493,0,23,0
12878.076888338932,33542.928471638574,9.281903189070078,0.2344256000115147,3,25,0
6627.004412220973,76669.21234684862,19.269984817751766,0.34508374551323373,1,52,0
30920.382079639996,18293.600330171248,10.380645602590974,0.03010387221131894,1,48,0
15142.897108772533,10033.321855149963,13.550845349179063,0.9614923245741122,3,49,1
29480.672849708,31357.42638519044,6.237277158337664,0.6678679067008134,2,14,1
8563.773048435913,192807.4467598889,15.47982756305525,0.9332050877593062,1,18,0
24575.864990886057,112158.25949952831,15.458429637522302,0.2654964074290723,1,20,0
27096.88219502771,193335.32142487788,10.425920953082779,0.6114636112256608,0,32,0
3539.3533042989184,89337.08627437573,19.52027646558427,0.6784999682926378,2,20,0
17493.60963150211,65804.14595162561,2.5110042952530676,0.31754970025758844,0,33,0
7586.319170009738,103697.6632538476,0.33895329779161987,0.8481092350156301,0,42,0
4105.373553165619,90704.77928341748,15.403164235141919,0.9471614629002478,2,24,0
49508.05138710732,25604.613431040063,16.14311074729765,0.8848551176960043,2,31,1
16795.338403761423,129961.13136459021,2.404144582411525,0.7390669759393725,3,57,0
40683.847846877106,47127.44558937192,5.3116566591721215,0.27746467972495403,2,31,0
13477.392083424429,125819.65120507676,0.3510472673325782,0.28161604210563174,1,30,0
34393.633388972536,131789.2130176399,5.866172215611294,0.9633603204460379,2,31,0
38251.16513459464,34644.846360086376,15.46283747837343,0.010284495935692028,3,31,0
30186.29828978437,16963.177286580292,10.359210554251579,0.7160499732421445,3,51,1
24107.23323895776,157248.50928334577,6.961911863365762,0.7062461625552622,3,33,0
21180.20479321616,94661.08263501743,7.434785898126606,0.6226895409497974,2,54,0
18094.545060606768,16341.94012356778,0.027072514309363083,0.9901088460868658,2,23,0
46546.92806814347,198998.9318481046,5.9960105513047175,0.31187943576372523,0,37,0
41700.35098159873,16267.209394291494,12.92917483275861,0.3399718637932482,0,58,0
48286.31862265911,140531.86962741788,19.483888876327143,0.07893940294655555,1,8,0
7090.563950791691,196817.39042636566,16.94121653967799,0.44279813654373745,0,7,0
36812.50628497857,51640.1203221055,0.4718992929105825,0.2610485262348481,1,38,0
46978.68238423085,32738.626894003253,17.97121209349679,0.3433867021776442,3,47,0
9880.420242117347,28670.063187373635,15.66396826597252,0.8345717902556277,0,24,1
4258.317100972097,64138.65377568113,15.607522471419609,0.9354845135274957,2,22,0
37314.911815212894,24703.933147076106,9.15991518007143,0.18573307200518563,0,49,0
29149.18254581568,139971.4616303557,7.960105859090056,0.37250893155346587,1,38,0
42249.610061155334,17146.900635362224,6.058314576663852,0.9286305621153941,0,17,1
7848.846454688185,104337.314989209,1.3138971790873155,0.06180846068922263,3,54,0
39968.09828113462,199355.88650133047,4.564707269873982,0.09236052811137851,2,8,0
10879.738682339483,163724.20255367368,4.932072699560493,0.16279098920622936,1,48,0
9019.14120041952,124967.79045504713,9.681541394204032,0.5952128341268748,2,54,0
9049.024098618655,64719.45605338927,14.948888131933879,0.15047227100599747,2,31,0
40914.161291337725,126659.6880768695,9.476196567958933,0.9680763814507335,1,40,0
33594.66381411381,107773.08546277207,1.1568889889432121,0.44671452725852034,2,13,0
26630.205813686847,88086.25985862243,19.15579601976408,0.5015179603501664,2,57,0
18582.693722051623,30488.523464338898,18.854486381882246,0.2466586158054065,0,41,0
43982.826499842304,177887.821971891,15.703790862968168,0.4709602524347335,2,58,0
20229.810263709132,92708.0065201579,19.82655803128441,0.6619136326370115,2,59,0
41013.37253410728,42951.389805049184,10.889646656005258,0.7511771369540428,2,12,0
22517.610519940703,76713.07342107147,19.255367005064123,0.753868082709913,2,51,0
19470.27704182047,85755.30174314076,1.5121008123350155,0.5778911126940883,1,51,0
23671.309497810715,166369.8896355405,7.313614965227426,0.9043597749938572,3,41,0
15767.515834042963,148054.8042094734,4.507625360135316,0.8174078473061094,0,21,0
37632.8596286363,155014.45426006126,3.9166616826854006,0.7570481146986254,2,29,0
25633.299114531477,7151.096563586207,2.8160589778535217,0.05560552168046062,2,59,0
12378.422062194048,86150.0296450535,12.448272831319933,0.006877962219649314,1,6,0
45079.154090453856,98862.1095688881,15.626437114946102,0.21244727719547296,3,54,0
19810.669847287358,8742.493980496054,11.565967988407213,0.6635235939134523,2,30,1
27634.090194585442,55663.57570528167,2.9392541917641934,0.4111974888825458,1,15,0
45417.1334372628,153256.51550881632,16.222475398669417,0.40240625929931173,0,59,0
31587.661799785612,31736.392617154816,12.71909414327457,0.8845868882296137,0,21,1
6728.003994709839,109385.47563325537,7.76331412253991,0.8955628481318387,2,21,0
47051.774057060284,46964.365043361315,13.48260591072126,0.9091752640535857,2,13,1
31757.694600499475,7363.551055559188,5.1980995848566565,0.3138780765150273,3,34,0
17410.37511819722,52034.28423191059,6.90384416988421,0.6910558127392618,3,44,1
7824.331560505976,195295.3822074605,18.349716862639806,0.27163318127436964,2,33,0
39907.2342742445,161299.73681718297,5.810090113428408,0.19060983307444979,1,11,0
31383.565040497164,192117.44564260152,9.399765363158732,0.18463245734736922,3,21,0
27139.593506839756,100131.53856564067,17.802822747920292,0.34210762086359403,2,25,0
44800.73656949693,26398.558742113182,14.154427005350549,0.4299576197798217,3,21,0
39641.26335000201,111852.10034987013,1.244064523294055,0.8309491710550684,2,12,0
8432.069106904808,93603.58023919236,2.946060885579407,0.1198910934727121,0,46,0
16274.381321981864,169649.6311342251,0.15683181543833635,0.7349258473948942,2,19,0
13175.96785090882,24126.103252927696,12.618435804583267,0.5314549141893053,0,48,1
37453.36833606117,100207.02171924674,8.953468508208367,0.2879453426759925,3,31,0
2643.0893020531894,34259.48961532693,2.6854970180455107,0.4928195845328246,2,31,0
28924.59455869451,68311.8057435617,19.15868242113541,0.29994206977702265,3,19,0
38360.47560129384,148784.63009062092,10.593194478912398,0.596081955238306,0,12,0
43961.51620132572,97823.53522690947,4.837865882257784,0.4338439228552442,2,38,0
17762.005687079465,78298.21560342502,10.01207142309415,0.16440552907887873,3,31,0
41241.60792892863,81922.87432115688,13.592406654702156,0.11658307455569672,0,50,0
6420.955110805154,94592.1198391674,1.5247843594712895,0.5466956820721302,3,25,0
42476.162294991394,158078.2260482261,5.49407630095784,0.9024130332861034,1,8,0
7246.944454267138,178956.5143433457,16.139309817679873,0.34395768655768555,0,57,0
20467.077237457997,191290.26386826602,9.193297408053224,0.7330001072226232,0,9,0
40067.472923198125,158446.16031978253,10.931542840645898,0.658661354939767,0,31,0
8345.953940089916,66504.34467086248,8.656320044189385,0.931554914309481,2,16,0
12233.318366399433,139186.2676868757,0.8779988528601024,0.8209810172991409,2,7,0
36390.37585126025,90332.60919080142,3.3149955964031186,0.566605258905463,2,19,1
36281.79029075764,54660.77129897998,8.910832774837818,0.6570304982341073,1,49,1
32416.23401137957,168969.9579880549,4.183709308158557,0.8983864665840349,1,35,0
35003.4737788879,12493.138047653374,0.9995805731935747,0.3995187845869348,0,54,0
27593.49772403221,180843.5884664076,16.872993281036475,0.32679470585777737,1,17,0
13338.153886440685,94988.10560182316,19.623850583282316,0.010811083635196339,3,31,0
17939.103681692053,129254.28797761469,15.862857479934789,0.8265510741914642,0,49,0
9898.288123269858,133574.01483012762,17.07569843409334,0.8009807004033649,0,38,0
45514.07750534779,179547.95943777458,4.839542606340908,0.10445451810015138,3,18,0
29586.197943539904,129150.58802260543,19.212539510263994,0.5768573811327002,0,19,0
20641.719421418355,124717.04902821204,3.9385140890685677,0.4639816981668874,1,29,0
23638.2843785625,17997.14790933454,19.028596207236646,0.11870909550911146,2,39,0
47416.88364097895,106089.5642793148,19.89638587931902,0.9805682270607236,3,49,1
8514.21875268793,34282.95515932312,14.234456114920974,0.21469588746335544,1,31,0
29725.261768823064,148799.5849006897,19.62287463583644,0.06723418009056115,3,26,0
25788.545265338835,104883.27455847153,11.390795591342073,0.5948473795019096,3,33,0
30961.257536297744,137644.4169456289,5.190835663521806,0.7388666771330327,0,53,0
1887.399007221185,13126.215617464932,8.739917713312417,0.03244344604718696,0,41,0
43734.07153826342,21534.443128931627,11.87121870757572,0.6587176387270222,1,45,1
46673.79584169701,144683.06067222304,1.4616312405402998,0.5322918759514544,3,7,0
28691.525995871238,19056.445519741304,12.446865292344922,0.10326500887504841,0,47,0
35135.89036996772,18895.06191422543,19.62355673524589,0.17252387694636206,0,14,0
46202.46967768749,7361.152670803052,3.8021529956745526,0.5679742973160805,3,28,1
35654.693081356534,191517.77266839863,15.851902325767666,0.2963576135132884,1,20,0
8474.413102798806,148814.13009450634,18.15797587559239,0.9383157286513161,1,18,0
29238.129648173846,73884.02465790251,18.874031856404414,0.8187402294840508,3,28,1
30729.03727275994,62824.438351092766,19.202712088108946,0.983567206513663,1,22,1
21782.402893816914,73192.12980044066,10.429192774429438,0.259670838950414,0,53,0
37085.767545611416,156057.43858033046,19.546158159830075,0.969723632797977,3,7,0
46783.983723681726,133967.2691587308,15.146204142688777,0.43123386979155787,0,25,0
46352.857132432044,41113.13573415625,3.233428724739238,0.3475187953137546,2,25,0
23091.12919880247,38951.32039014645,9.5380021293594,0.05034952696935324,2,51,0
6548.664246197008,24187.151694112476,14.36662350744008,0.05276525785960262,1,8,0
49257.218749154395,133759.03034176095,4.946806316381666,0.6920112559466547,2,17,1
42106.00623585077,154052.66913323852,12.812303670977748,0.4579289944340279,0,45,0
7108.4713789600755,56684.053523375784,13.332009580932384,0.2265216260361057,2,7,0
46121.25224825124,9084.267401027999,3.2539948761713178,0.6139703063252326,0,41,1
43624.92174104429,21023.475157903333,11.301706249055126,0.2528581182501112,1,19,0
26423.064799177533,193732.70679478094,15.432538219572153,0.5776317543444226,1,21,0
29972.496351501533,62611.731608096954,9.977913290718838,0.35920874698269034,0,24,0
20551.132489636384,154998.51382843606,0.2420623355221485,0.823552226611819,2,39,0
3683.3203022795356,126809.39592658143,0.18076938158584355,0.8206961607667793,1,49,0
17424.664840649144,79478.2297323147,7.140586879400244,0.4773503981224013,3,51,0
40339.81898130256,45109.01612813325,18.52388136863564,0.3508191093350156,1,11,0
1226.96912722554,28670.351541084252,4.573535592072176,0.36255979655909454,2,18,0
17341.459412866065,124927.52876757899,12.687273777433743,0.8057145256682179,3,41,0
20510.265985956223,156053.58722436865,4.4415174138664115,0.328179482797612,2,27,0
27332.384543958222,130561.32944052048,6.433399793190972,0.20905937370684602,0,23,0
46072.92520422526,108408.91598358587,16.96084179202968,0.08468834187530683,3,17,0
17970.9537239321,13180.488569169072,14.577228845398938,0.4666931208844084,2,57,0
18000.706892915157,193855.31163090485,1.9079855462642126,0.4821320989198419,3,59,0
37137.56115737767,160749.26737264203,8.574040419728671,0.8409087104029072,2,35,0
23158.679103600552,62100.297156688124,0.5833952729052894,0.22123869644606398,3,58,0
12005.636324059116,196094.21422497588,9.61780293206018,0.3809912736683999,2,56,0
23169.536290501976,122366.9099790828,13.24868023402136,0.8084057388936909,0,45,0
7901.993998610193,118572.41835041306,2.370052471963031,0.8236236107489735,3,12,0
9642.962338804942,150874.26998875875,5.777698778183313,0.3846110759787682,3,37,0
25420.020864234506,163295.10867757682,7.956732510043139,0.4591240232866809,3,53,0
21527.347025722847,133013.328429643,18.390620493120995,0.3032858908492829,3,24,0
45827.4491523369,29978.670541409007,19.86510030845928,0.9325548784193121,0,11,0
18757.301056715023,70962.16366892718,0.8982259799123171,0.11864376574158031,3,25,0
29448.82916362413,185976.3098635797,15.22015846990784,0.93374942300147,1,32,0
31980.95010805699,48800.04430955113,7.434481328046864,0.6838664518353432,0,58,1
1641.6283728283481,77572.5696483151,7.849163724589601,0.5315721526867312,1,48,0
33513.33122881882,89254.99217411822,15.085299466940453,0.032659060784495875,3,42,0
9723.76237661782,90683.97299041817,18.368528642908174,0.4755961918220083,2,53,0
48092.4455560033,124523.21858643247,19.018571890050968,0.4077481050027323,1,12,0
8284.473659902535,188899.788360218,11.542451720766415,0.16121881197512256,3,10,0
21316.582062624162,51935.07880733847,7.142423186010056,0.6564096035006569,1,16,1
5182.133735853549,28692.768378679022,15.750981717175584,0.9711509073682858,3,20,0
49846.83834045142,43506.74552268778,5.020027665246005,0.5621888110645251,3,8,0
25607.555506230885,177950.35554080756,11.281480576670354,0.7147532764439458,3,10,0
30173.865848682144,130933.10846776517,7.171569230497463,0.06845045256601678,2,28,0
4286.747392032947,60751.82390163623,13.132621474157522,0.41766699581699473,1,58,0
37748.063049559714,164109.65309888037,4.807978257870138,0.11635848516449587,0,42,0
11285.374061683702,172967.14929087003,3.8318589146965154,0.6127958355365104,0,14,0
45004.66018259498,170070.2960446042,18.364781733508742,0.9384821582141546,0,20,0
11051.842383618352,184190.6740597131,2.036073658990738,0.6617777324716385,0,8,0
10343.698312519662,54186.99893380551,10.119158154698633,0.07680304831442153,3,34,0
2790.9337245566494,152233.17610552427,4.417055659260178,0.35466620498508283,1,11,0
24131.280310389964,94805.2019684573,0.778599266513349,0.5506633794408515,1,22,0
28677.215529868205,169189.717813562,0.7203763658285278,0.4032077561332522,2,31,0
4219.723331989266,147055.6820465146,3.504435442116547,0.8336440104751723,1,26,0
39000.85321805552,156407.2520674463,17.335407090120004,0.8146710047099892,1,13,0
23211.152902653354,132951.55834780895,5.649574879540533,0.6118310201032214,1,26,0
26695.123197051424,39598.61004659284,19.009183411505916,0.37345794513270525,2,16,0
22597.37459997318,111280.24918490298,11.632445859783871,0.25533637376324414,0,43,0
20637.389982890974,197010.5992072791,8.732283795375322,0.10587431821312931,1,13,0
28422.376234102678,187790.6729669382,11.601776693389091,0.35489768348655404,2,47,0
8606.772050604912,13418.878480417276,10.333967704525355,0.4131725172077195,2,29,0
9914.478394268284,37138.889067240234,15.175525075146503,0.6758229251040736,3,40,0
43227.49542966235,30687.110823639574,5.649921319457045,0.6581598242975735,2,19,1
47359.657644548,146566.08244713262,7.061007832006048,0.07010813964125695,0,19,0
19292.156497707896,164468.13932210428,17.881886050665013,0.3952593154311578,1,15,0
14266.488984034135,46634.71643058102,18.92913026300811,0.18177886721736192,2,17,0
32555.97761871177,103641.27512560665,17.85116454972949,0.1568127053168057,0,43,0
21027.974383806722,168937.090462184,8.388959879146272,0.8273021497372459,2,49,0
2243.931427356898,147896.30122941887,15.607310060137634,0.04191521671625753,2,51,0
8651.477270943327,110736.25507091041,9.526714666021975,0.41918287590212133,2,39,0
36082.63921352248,120117.79963946072,9.950797042922044,0.1682036557665182,2,46,0
33287.273153597416,104130.3066486746,4.093602181145679,0.879330215678474,2,15,0
2327.703632670691,63021.94800717001,11.82260606517033,0.5570405132750351,0,22,0
11876.635934714523,115179.28860750815,3.7227179550669587,0.23138063637684803,1,22,0
12322.6650328155,139332.63389976768,6.631293981343875,0.5024272871663764,1,8,0
33922.74443633769,175297.9685928575,17.100604032398703,0.7314863597031158,1,36,0
1965.8163499638435,129076.81402595337,4.141516184217105,0.9581180089194338,1,56,0
6101.3205172441185,153418.6997234158,1.4231657034686562,0.22044600424541894,0,6,0
40195.88818328628,36213.96881614173,1.380151852256326,0.8861817721293451,3,17,0
9748.688440662347,95003.70751185903,18.815690410062157,0.9343041141674903,3,44,0
32984.55928474186,6819.665866283192,10.138408759236693,0.9164205445320662,0,9,0
12670.9562712896,53102.37858171649,8.188241436340366,0.6354143568619098,0,47,0
5872.628245207913,146660.03444703596,16.217571620158367,0.6298206544347077,2,18,0
12915.43735897325,198402.94051312588,16.71651855821032,0.4032106331838228,2,39,0
36391.0796609273,24339.7294195071,6.643820662312092,0.7523978823037879,2,47,1
42929.126937208,83291.39159295121,13.872361149475905,0.5312940183509319,1,26,1
41680.77336378259,161013.8388963361,15.422456317037732,0.6774380712282945,2,27,0
20461.992951304288,44786.948752635275,13.09301373731909,0.42845790384879545,3,9,0
33736.17169196166,113241.56511394582,3.0319014960019874,0.7314964640431391,1,23,0
11044.230475375227,147948.90272578658,17.51766167034114,0.8244715176045491,2,10,0
15364.23878278965,125117.1628007349,10.781891054720173,0.14643625660281612,1,24,0
44920.45510753487,41664.82325000615,5.649448527400073,0.832929715574228,3,7,0
1637.0942520260658,74299.9908937192,8.504563708753878,0.5402965317903072,2,17,0
5189.9180118689355,157839.39797465247,0.7514218079781476,0.8446659090902243,3,22,0
11186.426502155338,113074.17025574324,2.557336024448351,0.4313017063410146,3,15,0
2300.077989817166,6019.774640867983,15.310935010317216,0.37904048538303503,3,39,0
9890.336319400069,153393.19820547831,0.00023269510732282228,0.9150607325172224,2,11,0
29569.036487514917,11885.714213346619,8.331316569645843,0.2511692675484013,0,13,0
21649.8029790324,150418.08763259026,10.450203621711768,0.8442123252861431,2,56,0
44740.91384277177,44483.70923222129,1.092688400019446,0.4840205725094041,3,16,0
41054.7345251836,191824.32862327914,19.461563259446656,0.5140954425512597,2,17,0
17749.05023319592,76748.44650390647,4.522506624993438,0.308468281489484,3,14,0
13711.748238133332,68751.66518592543,6.083974392725617,0.5730422006190157,0,7,0
19604.92800019608,34033.16981482672,6.078850245100547,0.3252111962762113,1,13,0
29924.452183225578,64592.8220205919,4.608333242346998,0.03926941424165231,0,16,0
14135.118400320936,175946.8985564991,0.02947644172622832,0.27199860534435605,0,58,0
31583.296484607567,199285.19583731322,14.586895881759927,0.006379043406590679,1,41,0
21061.17095737078,76820.35844883542,19.336909995985707,0.9783547870568566,2,15,0
28050.31186174703,92479.0730361358,4.485869665700902,0.9657472098197475,1,26,0
22370.199927630518,145803.8329495337,13.26094383606845,0.39515529747230504,2,25,0
15428.822217553967,177808.17719068954,14.837926539174301,0.728370854339646,2,53,0
47474.21204114568,120643.64516642291,16.968507581810496,0.345806098410425,3,13,0
38416.68391382828,81347.51114467673,8.452583940272183,0.671093157085976,3,41,1
7865.545612556175,85461.25896548163,6.058618112808585,0.8054300430459791,1,34,0
43554.93081899773,140645.53856687734,6.505902680460622,0.9467562446922407,0,47,0
24884.128714226168,5627.5614028343425,14.252426661970256,0.400212275849672,1,17,0
44833.05911781048,125819.92080466893,16.33558933011272,0.7832979829560477,2,19,1
40192.90754141845,74321.1370360647,3.632279355132053,0.2659284506321188,3,53,0
21835.46171899244,159868.47959903142,7.418820163155305,0.9903323037936483,1,59,0
2100.9961076857526,23133.174765510772,18.038803934983,0.025769598764351143,1,55,0
14165.190609862359,119699.44205493615,16.133870393894785,0.603528806501121,3,26,0
27540.07651838248,98789.71352779413,19.697168055249517,0.6595059816513271,3,27,0
32040.432771481217,130253.47755151935,15.084965193641615,0.6880455570741288,3,26,0
13636.496586226913,17646.450924178826,7.863904020558445,0.12038757878908901,2,49,0
7828.447629568383,118096.8385484856,11.812756679892756,0.9385297834731304,3,55,0
41911.58160316566,114489.49465210713,13.220285084946406,0.1811832790500828,0,35,0
49235.706854474054,114328.71841115333,1.569116326342479,0.6227534032398411,1,44,0
26758.818932831604,122680.09498630869,10.889939182077303,0.22267607912308496,3,25,0
9412.285006566872,136911.24775914062,14.186416569452192,0.3072164170212709,3,29,0
14343.058999449078,161972.8549377501,3.3464260800212076,0.5464585417281244,2,28,0
1901.14315082587,57615.0404250018,15.612634348511143,0.4171934185645765,2,12,0
45800.64152146445,165884.6349851121,11.675455610282233,0.1602256009765063,1,14,0
6769.803061616915,102159.85804137346,19.04443571395189,0.1709364024208483,0,6,0
29249.307300198423,20026.364431194575,0.8484459641378339,0.41814478816279965,1,31,0
14428.705813673094,16417.431202575943,5.306522751109339,0.7572829782755007,3,43,1
28154.722123273878,70176.47214573185,12.031077585996481,0.8979646468477885,0,43,1
32919.59902924135,158054.91053673616,5.9311982441186135,0.08412766225938284,0,59,0
41657.34838165288,142997.78227447858,14.288483281424844,0.39310390755940106,0,49,0
11114.642316269557,158779.91811111924,15.18010565043862,0.10024556372287663,0,27,0
1538.7956042655433,105867.46600611383,2.050319281329489,0.016592480632597884,1,49,0
7707.395873371556,90838.80460132066,10.277089284135354,0.6617186826439566,2,15,0
45100.91345055715,33753.24270772537,10.177811111821118,0.6024494419665878,2,11,0
43820.613800563246,68997.58695381574,7.385615404310821,0.1630191138148862,3,22,0
30273.242006345106,89633.77640390568,18.65849725139344,0.2338128330930641,2,56,0
30425.326161249017,22277.08378752536,16.550126397464425,0.02370775364451838,2,55,0
33586.79705276652,48019.33077868619,13.944187638192735,0.8349472056944037,2,43,1
9593.19265254903,121653.93234242906,14.286532714699952,0.9746905960485515,2,29,0
45806.18535032303,148454.307276642,9.234322876262382,0.1354595367946908,3,56,0
21519.755719711582,199677.7647216252,18.419890421931516,0.23147521376529812,1,15,0
19773.787884225374,186957.09961199373,13.891908545065707,0.868409523946934,0,13,0
26426.96755885904,130300.21390936236,14.57962123311633,0.9264637979561848,2,26,0
3301.332371977697,87143.37039234403,17.233818075746903,0.41962738280681033,1,11,0
9147.88506904789,129054.58611810538,5.48143178684382,0.050622472269074126,2,26,0
37163.64720489215,158202.06552564524,16.14141807733406,0.0393918336928194,2,44,0
5057.134728331197,28075.557230060527,3.9048120591298408,0.5739498660690104,0,29,0
30554.453363853023,84931.45349077621,6.906839044897756,0.392895108893179,0,38,0
13022.106374384726,168761.44569894535,6.712209085396854,0.028652427577654516,0,23,0
20075.485088056852,79847.42562694359,19.57050936778281,0.5832523923125568,2,33,0
15145.993101764294,116515.09288930138,17.130744474958536,0.011302536589022472,2,57,0
18427.963106782507,119615.02536812866,14.023397231805195,0.787371958149273,2,37,0
36233.24935402803,40972.869361059675,14.541135232307802,0.3064328227033716,0,17,0
15558.964065535576,75635.91112219624,11.241455888051421,0.0402580030092321,3,53,0
28753.827374547964,70229.70130467677,18.94181334217038,0.5883522209831533,1,47,1
24326.469707755885,10108.358163752635,9.92517505764723,0.3976844144330547,3,32,0
33519.88710276976,9717.393958814273,7.610354197397891,0.9738004133571495,2,15,1
46904.65722691314,167180.92351677583,3.26070673863182,0.5441986625037022,2,51,0
36896.03276330227,58248.80794469842,15.72411304522116,0.2752391810370083,3,57,0
11532.07855094708,106025.35941656902,14.68887864151183,0.7094388646339748,2,47,0
2527.973618002949,63251.486849810746,7.687100770482697,0.27149200254271133,1,37,0
13850.938170691428,188432.4527974914,0.5038682791845872,0.9042432914075651,2,47,0
30158.818604312488,55562.86797882588,16.779946554360215,0.37472197050737643,1,31,0
3519.864860728267,88783.07848409234,0.22835966908147265,0.5498685627762052,3,30,0
25321.94611286058,175182.39884449737,14.073995592581019,0.05057310382422886,3,16,0
30245.299596927573,169177.0455244027,19.40514219452114,0.4261212379522308,2,28,0
17377.95065003108,41289.77648002408,8.75322656296407,0.832363539660995,1,39,1
38774.69798354527,161515.44541016352,4.699468099919056,0.8056488053633419,2,57,0
6223.314403554818,94346.44291388907,14.097420200867635,0.22431855885352625,0,45,0
4681.7513050546295,99178.93005664427,16.342562840311704,0.22607907101056268,0,28,0
36681.249053976564,31028.594621109038,10.928606321556947,0.8173053122132368,0,34,1
25279.074494103726,20717.295182639307,19.340705505122923,0.9303984201693255,0,36,1
34731.71742495907,146948.16485988421,1.033374433159222,0.09536092127300355,2,12,0
22306.539591583565,101809.92470928346,10.095911966090563,0.45005863942622526,0,45,0
13073.699628716233,90185.88700996002,14.369078946451001,0.33745427896422897,1,38,0
41136.013566035785,147254.10458721736,17.252809422983578,0.8706884554574393,3,26,0
40171.378069479986,154275.0153032664,3.585112238155801,0.08352491468001877,3,7,0
35040.12707186691,35987.09269552394,16.00006963527363,0.2111259425580374,0,23,0
14335.111724268172,123993.90414814005,11.054141514370905,0.7524683375864943,0,52,0
29921.302676585266,31394.04604414868,7.931073639799264,0.051293848981215584,0,38,0
18687.720950061313,151518.1417756639,2.6343005715818713,0.49253538071428926,2,42,0
5487.521593005074,133106.2554720922,17.30591517817825,0.44210703467972,3,39,0
45948.365197649895,191539.8511112743,3.145464163594307,0.33440117898874866,0,25,0
7704.112915029109,18446.81318950213,6.195757184181985,0.3945723153189238,1,40,0
47561.63033721932,16125.670624494593,5.8009106392487375,0.5299405869302329,0,56,1
22854.282874939832,60026.47956517403,17.428280683817086,0.16136735838838312,3,55,0
